{"init_params": {"cat_dims": [], "cat_emb_dim": [], "cat_idxs": [], "clip_value": 1, "device_name": "auto", "epsilon": 1e-15, "gamma": 1.2073682756772843, "grouped_features": [], "input_dim": 7, "lambda_sparse": 0.00010513611238825284, "mask_type": "entmax", "momentum": 0.2485431858663856, "n_a": 56, "n_d": 40, "n_indep_decoder": 1, "n_independent": 2, "n_shared": 2, "n_shared_decoder": 1, "n_steps": 10, "optimizer_params": {"lr": 0.0051665979856455775}, "output_dim": 1, "scheduler_params": {"step_size": 10, "gamma": 0.95}, "seed": 0, "verbose": 0}, "class_attrs": {"preds_mapper": null}}